Job Title,Company,Location,Post Date,Extract Date,Salary,Summary,url
(Junior) Android App Developer Call a Bike (w/m/d),Deutsche Bahn,Berlin,vor 5 Tagen,2021-01-17,Deutsche Bahn,"Wenn es darum geht, zukünftig Millionen Fahrgäste und tausende Züge auch digital auf den Weg zu bringen, braucht es die besten IT-Experten.",https://de.indeed.com//pagead/clk?mo=r&ad=-6NYlbfkN0DljOvZGN3hFQj_BTRjfQ_6VHkhFYj6-MowMUsrpnmheUkkFzGuiH18vcVTe8RU2zm4vnFBZTMoeGNbsB_BcuqXganvfMxDptFHnMXVgldboNCjihneCFYjoDzVLPdeMtCmLDFarC1Nxsv4H0ATwVXE-Qk3YzFegTFekvbUm4T47HQXB4k_eE8nxi--ITmsDA7LTYUbdn-BG1bSckgOiygycj9tCkWrL-SZPX8Ev7BOSnertwpHBSuiIuVVA-F2psDfwGuXxumlnyuINRLowo0-kp6zm5NYWALDUs3Ka2gepKBtI7x5ORtzEjETFVNerp5IwyDDCx4vlMy8c8fhpEuai6PO4QlSykYlVzmzwKFnlf5AjoMMjcsXJ-iY-GqlJNqG7JbjaQ1E_eeR_DFa16adrGfXT93QKHUwaj6LwimwzDBfqkuo3sghL9yb0i5rn5XTWMTFOIBDLbQSvtZv7QIUhKzI7KjcUtlvcqlkk_4OdDXNYCzvctNwHQDw6gqPdqzb17gOhLMIPjIjdC2YDsDuuujz9eXO5hB5cgIkWczcaMN9iGXGBk9cABUJLa3sS3GVQIPmTmv0sN9uMW8eNYKiBlkr731gdML5qdyl6pIDdfmZnQiNnf2vg252tZFcwck=&p=0&fvj=1&vjs=3
Junior Java Developer (m/w/d),Senacor Technologies AG,Berlin,Vor mehr als 30 Tagen,2021-01-17,Senacor Technologies AG,"At Senacor Technologies AG (Permanent), in Berlin, Germany.
Expires at: 2021-03-27.
Steige mit Senacor in die agile Softwareentwicklung ein!",https://de.indeed.com//pagead/clk?mo=r&ad=-6NYlbfkN0CDUWlcJAFLsvJnItBP09zQvqfTfenw0A49Mj1GoT8-Dlyy14j_U0xbRKSD_J88A7glIpC5JmYWXOvH0hPSpZRUyGEkNSQWaaD-Z2_guwgoQpcxfw3bLgRX9MAa2TPFlW21dpUetus03TLyKhZJ0DzGKDzxy7qCk0kHJtYM96Sq8MoVzqi4tb3dLaCP1hH9U3lX5Z9bw-1-v5Aws58zLOYRkkocPq8ZPftRi_NzJjyzO_DOOF4Bzbi11UMgrEdl90P38neO9afaAPOyvQk0ZWIxOJQOOGk2z33aDDFl-tSE5oMaCJqnj-rdAACMwAxePZ4efe2LOnTYZR8cqw9p5oG3VZ-aBLmuTLGHvF2TTVhdRthVga4WtHscpr6vv-aYCRGlNyVnl0We8_BdCRP-4AUqxzVWbjkCkMHyc7GosRJNBJB-UOXugl7DhhLkgB_msOK-Pl43hIXW9bZwdY8F7_KSWbp47eiwGAehb_LHUbmGk0UpPqsK-il9wg0hpTqVKvosUZgk5eYytTMpiaXvohc9XiWgzZxpt7MchsigRqknu4cVGa3nLoMNhhJBGRUQLrkqOTSYPvlpLNi7l1N49clPS1jd-mCKTQeJrFHHGVHIXKZk9Gjoj57UR4Yb2sJIpTCpIEwQ9Dyc_k39M97Y7ktV26T6j53bFRzCWJD6sEUEYQcII2-IUpItEuEyV37EEjBsnhHDwaMwVhNziYRdZVy1JoF-xtqbRuFw8D0x7-AU5w==&p=1&fvj=0&vjs=3
Junior Software Developer,Hardskills Pte Ltd,Berlin,vor 4 Tagen,2021-01-17,Hardskills Pte Ltd,"Trained in programming and eager to become a professional developer‬.
We are looking for a budding, talented Software developer to join our Berlin team working…",https://de.indeed.com//rc/clk?jk=2854f6ad815a87e2&fccid=dd616958bd9ddc12&vjs=3
Junior Software Developer,Alexion Partners,Berlin,Vor mehr als 30 Tagen,2021-01-17,Alexion Partners,"Familiarity with software development life-cycle methodologies.
Ability to work and communicate with a team of developers,.",https://de.indeed.com//rc/clk?jk=9ed5cb28468cfb07&fccid=9d0a884f2cf08e34&vjs=3
Junior Front-End Developer (m/f/d),Venture Leap GmbH,Berlin,vor 9 Tagen,2021-01-17,Venture Leap GmbH,"We are a team of experienced entrepreneurs and developers who enjoy building new things.
1+ years of working experience with product development practices,…",https://de.indeed.com//rc/clk?jk=f9a4398ee03dba50&fccid=26ebc040ccdb2a34&vjs=3
Junior Fullstack Software Developer,Paintgun,Berlin,vor 17 Tagen,2021-01-17,Paintgun,"Troubleshoot, debug and upgrade existing software;
Design data structures,software architectures and develop specifications interdisciplinary with your team…",https://de.indeed.com//rc/clk?jk=745772494c74db5e&fccid=d080637136fa8e3c&vjs=3
Junior Software Developer (m/f/d),Computop Wirtschaftsinformatik,Berlin,Vor mehr als 30 Tagen,2021-01-17,Computop Wirtschaftsinformatik,"In home office, in Bamberg, Berlin, Frankfurt, Hamburg or Munich?
Despite the current situation with Covid-19, job interviews are still being held in digital…",https://de.indeed.com//rc/clk?jk=26961162acb01b5e&fccid=65c0e4aab5a2cd88&vjs=3
Frontend & Backend Junior Developer - Digital Media Storage (m/w/d),KDMS-GmbH,Berlin,vor 2 Tagen,2021-01-17,KDMS-GmbH,"Wir, die KDMS-GmbH entwickeln eine Digital-Asset-Management Softwarelösung für Filmvertriebe und Produzenten in der Cloud.
Flexible Arbeitszeiten bis ~20h/w.",https://de.indeed.com//company/KDMS--GmbH/jobs/Frontend-Backend-Junior-Developer-afb8b48c52fd95f3?fccid=9f8123a6ef89d4e7&vjs=3
Junior Software Developer (CRM - Salesforce),Billie,Berlin,vor 10 Tagen,2021-01-17,Billie,"We are a tech company creating financial products, not a financial company that makes some software.
Hi! We are Billie: a breakthrough Fintech startup in Berlin…",https://de.indeed.com//rc/clk?jk=fff2f7141b45d0cb&fccid=cf60b0e606708831&vjs=3
Junior JavaScript-Entwickler / Software Developer im E-Commerce (m/w/d),Konsolenkost GmbH,Berlin,Vor mehr als 30 Tagen,2021-01-17,Konsolenkost GmbH,"Konsolenkost ist ein expandierendes E-Commerce-Unternehmen mit Sitz in Berlin.
Wir vertreiben weltweit Unterhaltungselektronik aus dem Bereich Game…",https://de.indeed.com//company/Konsolenkost-GmbH/jobs/Junior-Javascript-Entwickler-1da05c43d96e6b57?fccid=eb5fa987e0ff410c&vjs=3
(Junior) Android App Developer Call a Bike (w/m/d),Deutsche Bahn Connect GmbH,Berlin,vor 5 Tagen,2021-01-17,Deutsche Bahn Connect GmbH,"Wenn es darum geht, zukünftig Millionen Fahrgäste und tausende Züge auch digital auf den Weg zu bringen, braucht es die besten IT-Experten.",https://de.indeed.com//rc/clk?jk=63eb4502149e5177&fccid=3e551a3e7b5cdfee&vjs=3
(Junior) Softwareentwickler [m/w/d],StackFuel GmbH,Berlin-Kreuzberg,vor 24 Tagen,2021-01-17,StackFuel GmbH,In den letzten drei Jahren hat sich StackFuel zu einem der führenden deutschen Anbieter für berufsbegleitende Online-Trainings im Bereich Data Analytics und…,https://de.indeed.com//rc/clk?jk=c7812bf734d39d9a&fccid=2bd25e816125b283&vjs=3
Junior Software Quality Engineer (w/m/d),Finiata,Berlin,vor 16 Tagen,2021-01-17,Finiata,"In Finiata, Software Quality is owned by the entire team.
The role of the Software Quality Engineers is to ensure that all quality attributes: functionality,…",https://de.indeed.com//rc/clk?jk=87826da7f31adc56&fccid=db762986f47a8e27&vjs=3
Pega Software Developer Career Program,Saltech Consulting,Berlin,Vor mehr als 30 Tagen,2021-01-17,Saltech Consulting,"Once you join Saltech, we provide you with a base salary, which is an average junior software developer salary.
As a Pega developer, you will...",https://de.indeed.com//rc/clk?jk=f171b8aa1226e9e1&fccid=0b1341866d8e0bb7&vjs=3
Junior Full-Stack Developer (m/w) @MieterEngel,Rheingau Founders Portfolio,Berlin,Vor mehr als 30 Tagen,2021-01-17,Rheingau Founders Portfolio,"Unsere ausgewählten Partneranwälte lösen Mietprobleme – rechtssicher, schnell und kostengünstig.
MieterEngel ist der neue Mieterschutz-Club, eine junge Online…",https://de.indeed.com//rc/clk?jk=3c95f5a90c24dda1&fccid=985446e401f939ff&vjs=3
Pega Software Developer Career Program,Saltech Consulting,Berlin,Vor mehr als 30 Tagen,2021-01-17,Saltech Consulting,"Once you join Saltech, we provide you with a base salary, which is an average junior software developer salary.
As a Pega developer, you will...",https://de.indeed.com//rc/clk?jk=f171b8aa1226e9e1&fccid=0b1341866d8e0bb7&vjs=3
Junior Full-Stack Developer (m/w) @MieterEngel,Rheingau Founders Portfolio,Berlin,Vor mehr als 30 Tagen,2021-01-17,Rheingau Founders Portfolio,"Unsere ausgewählten Partneranwälte lösen Mietprobleme – rechtssicher, schnell und kostengünstig.
MieterEngel ist der neue Mieterschutz-Club, eine junge Online…",https://de.indeed.com//rc/clk?jk=3c95f5a90c24dda1&fccid=985446e401f939ff&vjs=3
Junior JavaScript-Entwickler / Software Developer im E-Commerce (m/w/d),Konsolenkost,Berlin,vor 6 Tagen,2021-01-17,Konsolenkost,"Konsolenkost ist ein expandierendes E-Commerce-Unternehmen mit Sitz in Berlin.
Wir vertreiben weltweit Unterhaltungselektronik aus dem Bereich Game…",https://de.indeed.com//rc/clk?jk=c1e49e6220c6c6dc&fccid=eb5fa987e0ff410c&vjs=3
Software Developer m/f/d PHP Berlin,flyeralarm GmbH,Berlin,vor 12 Tagen,2021-01-17,flyeralarm GmbH,"You support our junior Devs and apprentices in our path of continuous improvement.
You create automated software tests and integrate third-party systems in the…",https://de.indeed.com//rc/clk?jk=5b147b917d6bb121&fccid=64a52ebce29b317e&vjs=3
Junior Fullstack Software Developer,Imilia Interactive Mobile Applications GmbH,Berlin,Vor mehr als 30 Tagen,2021-01-17,Imilia Interactive Mobile Applications GmbH,"Unser Entwicklungsteam ist zunehmend auf die o.g.
Eigenen Terminplanungs-, Kommunikations- und Ressourcenoptimierungslösungen für das Gesundheitswesen…",https://de.indeed.com//rc/clk?jk=5bf556711de47ee6&fccid=13a9af8b4fd856ae&vjs=3
Junior PHP Backend Developer (m/w/d),MyHammer,Berlin,Vor mehr als 30 Tagen,2021-01-17,MyHammer,"Deutschlands führendes Handwerkerportal MyHammer besteht seit mehr als 10 Jahren.
Seit der Gründung unseres Unternehmens haben wir MyHammer nicht nur als…",https://de.indeed.com//rc/clk?jk=03c0dfaa80b4f833&fccid=f3e0943a2ef5729b&vjs=3
Junior Mobile Developer (m/w/d) Cross-Plattform & Web,MVI PROPLANT Nord GmbH,Berlin,Vor mehr als 30 Tagen,2021-01-17,MVI PROPLANT Nord GmbH,"We’re Driving Digital Mobility - Are you ready?
Als Experten für Produktion, Logistik und IT konzipieren und optimieren wir Fabriken ebenso wie…",https://de.indeed.com//rc/clk?jk=1f44bfc3d9001280&fccid=438595be9b03071a&vjs=3
"Junior Backend Engineer, Customer Engagement",GetYourGuide,Berlin,Vor mehr als 30 Tagen,2021-01-17,GetYourGuide,"Under two years of full-time software development experience.
You will closely collaborate with the frontend developers in the team and boost their backend…",https://de.indeed.com//rc/clk?jk=0ed5a17f94a9c784&fccid=cbaeb78b4e53898b&vjs=3
"Software Engineer, Frontend, ONSITE-BERLIN",Heritage Type Co.,Berlin-Friedrichshain,vor 1 Tag,2021-01-17,Heritage Type Co.,"You have experience in mentoring junior developers.
Our software solutions are applied across various industries and are used by clients like Netflix, Warner…",https://de.indeed.com//rc/clk?jk=67dae3f1fa0eadfb&fccid=182aa2b95945a928&vjs=3
Backend Software Developer,Ecosia,Berlin,vor 21 Tagen,2021-01-17,Ecosia,"Join a supportive, cross-functional team and mentor more junior developers.
We are looking for an experienced software developer, with a main focus on backend…",https://de.indeed.com//rc/clk?jk=55a20ceb0c192779&fccid=18ff0230d75e9a90&vjs=3
(Junior) Developer - Cloud Engineer (f/m/d) for SAP HANA Cloud Infrastructure Berlin,SAP,Berlin,vor 10 Tagen,2021-01-17,SAP,"Initial experience with cloud-native software development.
Together, they changed enterprise software and reinvented how business was done.",https://de.indeed.com//rc/clk?jk=ccca3ff19e0c3ad3&fccid=156c7820d1988640&vjs=3
Junior IT Administrator (f/m/d),Kolibri Games GmbH,Berlin,vor 6 Tagen,2021-01-17,Kolibri Games GmbH,"Procure IT hardware and software.
We are Kolibri Games - a mobile games developer from Berlin.
Our games have over 100 million downloads and we are on a mission…",https://de.indeed.com//rc/clk?jk=c8a6576feecbcb4e&fccid=09704f60e923fb83&vjs=3
C++ Developer,ITSELECTA,Berlin,Vor mehr als 30 Tagen,2021-01-17,ITSELECTA,"The candidates can be from junior (just after uni) to senior.
Our customer is a fast-paced software company with clients all over the world.",https://de.indeed.com//rc/clk?jk=c0cc36bd4b19569f&fccid=978af2837020b8d0&vjs=3
Junior Android Engineer (m/f/d),Trade Republic Bank GmbH,Berlin-Kreuzberg,vor 17 Tagen,2021-01-17,Trade Republic Bank GmbH,"You are a well rounded software developer who understands the importance of communication.
Trade Republic is a European platform for mobile investing.",https://de.indeed.com//rc/clk?jk=afeb8760b8b74cbf&fccid=a891ae628bb7bb0c&vjs=3
(Junior) Salesforce Developer (m/w/d),Natuvion GmbH,Berlin,Vor mehr als 30 Tagen,2021-01-17,Natuvion GmbH,Join the Natuvion Team- Join the digital future: Unser Transformations-Team sucht bundesweit einen (Junior) Salesforce Developer (m/w/d) für den Direkteinstieg…,https://de.indeed.com//rc/clk?jk=92d2cbeb3edbbf01&fccid=2291be8d1e9f9ed4&vjs=3
Junior Android Engineer (m/f/d),Trade Republic Bank GmbH,Berlin-Kreuzberg,vor 17 Tagen,2021-01-17,Trade Republic Bank GmbH,"You are a well rounded software developer who understands the importance of communication.
Trade Republic is a European platform for mobile investing.",https://de.indeed.com//rc/clk?jk=afeb8760b8b74cbf&fccid=a891ae628bb7bb0c&vjs=3
(Junior) Salesforce Developer (m/w/d),Natuvion GmbH,Berlin,Vor mehr als 30 Tagen,2021-01-17,Natuvion GmbH,Join the Natuvion Team- Join the digital future: Unser Transformations-Team sucht bundesweit einen (Junior) Salesforce Developer (m/w/d) für den Direkteinstieg…,https://de.indeed.com//rc/clk?jk=92d2cbeb3edbbf01&fccid=2291be8d1e9f9ed4&vjs=3
Junior Java software developer (m/f/d) (englisch),CrefoPayment GmbH & Co. KG,Berlin-Schöneberg,Vor mehr als 30 Tagen,2021-01-17,CrefoPayment GmbH & Co. KG,"Understanding of the software lifecycle and agile development.
Passionate and motivated around software development, quality aware and you have a good sense of…",https://de.indeed.com//rc/clk?jk=b5b178111cbe8e4f&fccid=242e126a8d4f4aed&vjs=3
(Junior) Commerce Developer – SAP Commerce (all genders),Accenture,Berlin,Vor mehr als 30 Tagen,2021-01-17,Accenture,"Dein Herz schlägt für innovative E-Commerce- und Multichannel- Lösungen im B2C-/B2B-Umfeld?
Du liebst es, spannende Kundenprojekte zum Erfolg zu führen?",https://de.indeed.com//rc/clk?jk=76e2444a0dad8a91&fccid=a4e4e2eaf26690c9&vjs=3
Junior QA Engineer (m/f/d),Baufi24,Berlin,Vor mehr als 30 Tagen,2021-01-17,Baufi24,"Must be developer/ academic degree in CS.
Define, implement and share software best practices (We love testing!).
What you’ll focus on.
The rest is up to you!",https://de.indeed.com//rc/clk?jk=6edc6a39ef5ac4d1&fccid=4b1316a08ba23848&vjs=3
Java Developer (m/w/d),PikeTec GmbH,Berlin,vor 4 Tagen,2021-01-17,PikeTec GmbH,"Wir suchen mehrere Java-Entwickler (Senior oder Junior) (w/m/d) in den Bereichen GUI-Gestaltung und -Umsetzung, Modellierung, sowie Algorithmen- und…",https://de.indeed.com//company/PikeTec-GmbH/jobs/Java-Developer-a532d14fe35a10e7?fccid=3fdfb9c714ed2064&vjs=3
Java Software Developer,Austin Fraser,Berlin,Vor mehr als 30 Tagen,2021-01-17,Austin Fraser,"Professional Java experience and passion for modern software development: experience working under clean code principles.
Ambition to learn new technologies.",https://de.indeed.com//rc/clk?jk=8bd89881386b3e99&fccid=fe86a7ef759f4e2f&vjs=3
C++ Developer,Brainfinder,Berlin,Vor mehr als 30 Tagen,2021-01-17,Brainfinder,"Strebst Du nach struktureller Schönheit, wenn es um Programmierung geht?
Hast Du ein lebhaftes Interesse an eleganten Algorithmen?",https://de.indeed.com//rc/clk?jk=922c088b979bc8d9&fccid=6fc5b2ad5db96363&vjs=3
Go Backend Developer (m/f/d),Talon.one,Berlin-Kreuzberg,vor 5 Tagen,2021-01-17,Talon.one,"Mentor others, both junior developers on their learning paths and more experienced developers who are interested in learning about new fields.",https://de.indeed.com//rc/clk?jk=57e8e75ab2e5699f&fccid=1b5d0c2b84abb5fe&vjs=3
Junior Sales Engineer (m/f/d),Talon.One,Berlin,Vor mehr als 30 Tagen,2021-01-17,Talon.One,"A great environment: Flexible and family-friendly environment, bright and easily accessible offices, modern software and hardware.
ONCE YOU ARE HERE YOU WILL:",https://de.indeed.com//rc/clk?jk=8c24219fd606d114&fccid=1b5d0c2b84abb5fe&vjs=3
Junior Fullstack JS Developer (m/f),Flexperto GmbH,Berlin,vor 8 Tagen,2021-01-17,Flexperto GmbH,"Digital communication between companies and customers is outdated and complicated.
We at Flexperto are working on changing that.
Skills That Are Nice to Have.",https://de.indeed.com//rc/clk?jk=85636e5af4bfe08a&fccid=b4c8e8c49d826f27&vjs=3
Junior Developer Cloud Integration (w/m/d),itelligence Global Managed Services GmbH von ITbbb...,Berlin,Vor mehr als 30 Tagen,2021-01-17,itelligence Global Managed Services GmbH von ITbbb...,"Performer und Pioniere in der IT-Branche aufgepasst!
Werde mit uns Vorreiter in der Softwareentwicklung und lass Dich vom itelligence Spirit begeistern!",https://de.indeed.com//rc/clk?jk=59559e6ad6e91b77&fccid=e569bf68f8583d01&vjs=3
(JUNIOR) DATA-DRIVEN MARKETING CONSULTANT,TD Reply GmbH,Berlin,Vor mehr als 30 Tagen,2021-01-17,TD Reply GmbH,"Work closely with our technical team to define functional specifications, create lively user stories, and to access and understand the tools and data sets for…",https://de.indeed.com//rc/clk?jk=185089241abb6a42&fccid=6c5529359816f13e&vjs=3
Fintech - Backend Developer (m/w/d) in Berlin,Lowell Financial Services GmbH,Berlin,vor 9 Tagen,2021-01-17,Lowell Financial Services GmbH,"Wir machen Forderungsmanagement besser - für alle.
Lowell ist einer der führenden europäischen Anbieter im Forderungsmanagement.",https://de.indeed.com//rc/clk?jk=c981e86e9acb1b66&fccid=354001ddd545b260&vjs=3
(Senior) Javascript Developer (m/f/d),allmyhomes GmbH,Berlin-Kreuzberg,Vor mehr als 30 Tagen,2021-01-17,allmyhomes GmbH,"Support professional development of junior colleagues.
Several years of professional experience as a frontend developer, ideally in the online environment.",https://de.indeed.com//rc/clk?jk=33673a76bc4c4ca5&fccid=d4b94cb04fd77415&vjs=3
Junior Java Developer (m/w/d),Senacor Technologies AG,Berlin,Vor mehr als 30 Tagen,2021-01-17,Senacor Technologies AG,"At Senacor Technologies AG (Permanent), in Berlin, Germany.
Expires at: 2021-03-27.
Steige mit Senacor in die agile Softwareentwicklung ein!",https://de.indeed.com//pagead/clk?mo=r&ad=-6NYlbfkN0CDUWlcJAFLsvJnItBP09zQvqfTfenw0A49Mj1GoT8-Dlyy14j_U0xbRKSD_J88A7glIpC5JmYWXOvH0hPSpZRUyGEkNSQWaaD-Z2_guwgoQpcxfw3bLgRX9MAa2TPFlW21dpUetus03TLyKhZJ0DzGKDzxy7qCk0kHJtYM96Sq8MoVzqi4tb3dLaCP1hH9U3lX5Z9bw-1-v5Aws58zLOYRkkocPq8ZPftRi_NzJjyzO3IWMlvQU92IB8z-_fw0mK5EEmSlXsbsHUEvtk8Jx7eJvFWAh6pEzx4tXzY5WsLuIAdLtzBkMHFCDoJtzQDmTRBmlxfPDJ6z3nJcbH638BYqpbt8kAgXWjUBuowT6DRejs-24TIO20cScQw5DJaO0eLkOjmVIK37fcYkYGPWNKxznph769rPkNyA_djdNXkZyK6CXVZXs6BxGgDn-bsoEc_5AhDYGrGXFj81FHTG96XzspJ0dakOyAsgWPMsLvgF2XXVbfdRDB-Rnoa6cbSI_3KwyHLVERrQK47K4f-4x6ooT5gh71Z7nLAdlwYZFR6JT2CjEcacmcczhOmUy7MQAnK9DaAZIDesgEASBQu-ulMRmrfob6m6FqMvzGJHMT4wjbKzSKrsVku0uS0v51_W5XlFxtrB0XGeM7b6tic0K96fGPxhxo2np51S1Za58PpzK4SnHE1iXcSL2UWxK8X6h8XT20TKD1mIvINx7qEz9vovtGowVfbfXIHR4w8w7YWMTD2BMGl6LaI0&p=0&fvj=0&vjs=3
Webentwickler Frontend/Informatik/Produktmanagement (m/w/d),Campusjäger GmbH,Berlin,vor 12 Tagen,2021-01-17,Campusjäger GmbH,"You give (technical) guidance to junior and mid-level developers (e.g. through peer programming and code reviews).
#health: healthy snacks and drinks.",https://de.indeed.com//pagead/clk?mo=r&ad=-6NYlbfkN0CgYCB7fZPHXlObFc86CfBGJRgAH99GtvejjEFhbUgEpNlH7WWX-d-BIB4YviWWZVcufpNUhB_xacAGMMdcKE4z_CkUkw2lsuJunCNL5kVEpgGr9BaQlFp_L9C-MTAmdO2f6kH0-gny0me_5Icmlz7AssHCUdN_Z2QA3cynbhwsPJ9y1V2QuB3mxKQnyXPzE9klsZq-mrkK_8kcN-iTwLwcrZFN2nPHbMe2kcgNrfajSRDxUHSC-zf4RxesKyuMqFrDuERR6FcYs-Zzzw7ox-xu0kgU93ffDJlKrl-xuaArmletx69OgXgFdASYNWxN3nO1TQ0fE0t7Z02OUgicFDuN6f-ID9Qw2x4ris8wUG7CZ1o_f9yPaAhPiZYexppPxhhPd7oZ3FbRXczGpYhNSFDC3la949n6MPFoNrdqBP0le6Ni63EPlxjO-Sx6Rg7UzsJUs0bsAloyLDHkdv7pFs0jVccXcCn7XZBH1eVTr0t0sA==&p=1&fvj=0&vjs=3
Java Developer (m/w/d),PikeTec GmbH,Berlin,vor 4 Tagen,2021-01-17,PikeTec GmbH,"Wir suchen mehrere Java-Entwickler (Senior oder Junior) (w/m/d) in den Bereichen GUI-Gestaltung und -Umsetzung, Modellierung, sowie Algorithmen- und…",https://de.indeed.com//company/PikeTec-GmbH/jobs/Java-Developer-a532d14fe35a10e7?fccid=3fdfb9c714ed2064&vjs=3
Java Software Developer,Austin Fraser,Berlin,Vor mehr als 30 Tagen,2021-01-17,Austin Fraser,"Professional Java experience and passion for modern software development: experience working under clean code principles.
Ambition to learn new technologies.",https://de.indeed.com//rc/clk?jk=8bd89881386b3e99&fccid=fe86a7ef759f4e2f&vjs=3
C++ Developer,Brainfinder,Berlin,Vor mehr als 30 Tagen,2021-01-17,Brainfinder,"Strebst Du nach struktureller Schönheit, wenn es um Programmierung geht?
Hast Du ein lebhaftes Interesse an eleganten Algorithmen?",https://de.indeed.com//rc/clk?jk=922c088b979bc8d9&fccid=6fc5b2ad5db96363&vjs=3
Go Backend Developer (m/f/d),Talon.one,Berlin-Kreuzberg,vor 5 Tagen,2021-01-17,Talon.one,"Mentor others, both junior developers on their learning paths and more experienced developers who are interested in learning about new fields.",https://de.indeed.com//rc/clk?jk=57e8e75ab2e5699f&fccid=1b5d0c2b84abb5fe&vjs=3
Junior Sales Engineer (m/f/d),Talon.One,Berlin,Vor mehr als 30 Tagen,2021-01-17,Talon.One,"A great environment: Flexible and family-friendly environment, bright and easily accessible offices, modern software and hardware.
ONCE YOU ARE HERE YOU WILL:",https://de.indeed.com//rc/clk?jk=8c24219fd606d114&fccid=1b5d0c2b84abb5fe&vjs=3
Junior Fullstack JS Developer (m/f),Flexperto GmbH,Berlin,vor 8 Tagen,2021-01-17,Flexperto GmbH,"Digital communication between companies and customers is outdated and complicated.
We at Flexperto are working on changing that.
Skills That Are Nice to Have.",https://de.indeed.com//rc/clk?jk=85636e5af4bfe08a&fccid=b4c8e8c49d826f27&vjs=3
Junior Developer Cloud Integration (w/m/d),itelligence Global Managed Services GmbH von ITbbb...,Berlin,Vor mehr als 30 Tagen,2021-01-17,itelligence Global Managed Services GmbH von ITbbb...,"Performer und Pioniere in der IT-Branche aufgepasst!
Werde mit uns Vorreiter in der Softwareentwicklung und lass Dich vom itelligence Spirit begeistern!",https://de.indeed.com//rc/clk?jk=59559e6ad6e91b77&fccid=e569bf68f8583d01&vjs=3
(JUNIOR) DATA-DRIVEN MARKETING CONSULTANT,TD Reply GmbH,Berlin,Vor mehr als 30 Tagen,2021-01-17,TD Reply GmbH,"Work closely with our technical team to define functional specifications, create lively user stories, and to access and understand the tools and data sets for…",https://de.indeed.com//rc/clk?jk=185089241abb6a42&fccid=6c5529359816f13e&vjs=3
Fintech - Backend Developer (m/w/d) in Berlin,Lowell Financial Services GmbH,Berlin,vor 9 Tagen,2021-01-17,Lowell Financial Services GmbH,"Wir machen Forderungsmanagement besser - für alle.
Lowell ist einer der führenden europäischen Anbieter im Forderungsmanagement.",https://de.indeed.com//rc/clk?jk=c981e86e9acb1b66&fccid=354001ddd545b260&vjs=3
(Senior) Javascript Developer (m/f/d),allmyhomes GmbH,Berlin-Kreuzberg,Vor mehr als 30 Tagen,2021-01-17,allmyhomes GmbH,"Support professional development of junior colleagues.
Several years of professional experience as a frontend developer, ideally in the online environment.",https://de.indeed.com//rc/clk?jk=33673a76bc4c4ca5&fccid=d4b94cb04fd77415&vjs=3
Full Stack Developer / IT / Informatik / Datenbanken (m/w/d),Campusjäger GmbH,Berlin,Vor mehr als 30 Tagen,2021-01-17,Campusjäger GmbH,"Du bist sowohl Entwickler-Ass als auch Berater und möchtest schnell mehr dazu lernen?
Klassische Karrierewege findest Du ausgelutscht und möchtest direkt auf…",https://de.indeed.com//pagead/clk?mo=r&ad=-6NYlbfkN0CgYCB7fZPHXlObFc86CfBGJRgAH99GtvejjEFhbUgEpNlH7WWX-d-BIB4YviWWZVet5zwPrG5XSzpEtxObS-6aKs6B6Sn_fqLhJB7dSV-jndkEEQ1BVtpxwyrgmLAzMlFGqU5fVoTHM4ySvoYk_9Pb7dzNyevK3ARcDqBcFTsdOQoJmZebnEYkLM2BmUHogUQJ53uV906cyaMu8VTDxYcmGFnvIm3JXaXoDgDKcyBmr1XklXmJii6JKj85H0m1-ATLVb0Jv1uSsx2L8oW-buhiEmVIFXPAARi2vTPmh_IlBdnXK1vM02rz5j4nnjWo1XFSnbsuwdw_usvscEjf_ro3_0p_8G6LXh8j20BEYKFGgqUZ9YkcnUU3p3i2GW0rqG3Tub-8P5NrFivHr9FlePU4PRes5JYQbrZkyPsb1iQxxj9PIbqOJLMav6aDAibHkGkvvkAlsyTE0WsvO9bmd0gCq6eaOwdp2j2nizqVzuQjP8VlDiq0-4wv&p=12&fvj=0&vjs=3
Full Stack Developer / Software / Web / IT (m/w/d),Campusjäger GmbH,Berlin,Vor mehr als 30 Tagen,2021-01-17,Campusjäger GmbH,"Du bist sowohl Entwickler-Ass als auch Berater und möchtest schnell mehr dazu lernen?
Klassische Karrierewege findest Du ausgelutscht und möchtest direkt auf…",https://de.indeed.com//pagead/clk?mo=r&ad=-6NYlbfkN0CgYCB7fZPHXlObFc86CfBGJRgAH99GtvejjEFhbUgEpNlH7WWX-d-BaNEheoH7WbNaIffURUsYllFOsQDB11UtEKWadmosa6qf6c3VZAj4lYcc5s9-R33zH9kmQTgnTUst2NUFPTOUJTAKnqWZ0PssJJ7sh4S09aSTnH23CbOgMQWLozz9uu2zFbnySZnTCo0WDCn0F8O8Fvc0tzmY-B1xppMP76Ps7NSo8Li_g_cv0YCJn1b4nhPbsRTkwYxjOLqR7Gdh3yBxhTBJ33rViaZIwvOF9AlBEUUxKZzLECNDCHzqJ0SWvknt4FAA2NOw60BbjMYW36dKDjahCywh8fIMVgoOTmLYWlxp0cqfVmR6NMkJZSx5mlswbTEPWYlPufYI33syFTAi0WHdLXhxgORGccVHij9M0DNLqZp3hivRMfwRzGTF3YZem7_eiHIOAnFb12ak_8JTvDvxTgsNdkcVFs7vwVZKSKg=&p=13&fvj=0&vjs=3
(Junior) Android App Developer Call a Bike (w/m/d),Deutsche Bahn,Berlin,vor 5 Tagen,2021-01-17,Deutsche Bahn,"Wenn es darum geht, zukünftig Millionen Fahrgäste und tausende Züge auch digital auf den Weg zu bringen, braucht es die besten IT-Experten.",https://de.indeed.com//pagead/clk?mo=r&ad=-6NYlbfkN0DljOvZGN3hFQj_BTRjfQ_6VHkhFYj6-MowMUsrpnmheUkkFzGuiH18vcVTe8RU2zm4vnFBZTMoeGNbsB_BcuqXganvfMxDptFHnMXVgldboNCjihneCFYjoDzVLPdeMtCmLDFarC1Nxsv4H0ATwVXE-Qk3YzFegTFekvbUm4T47BwNvTJMg1sTdiH5YVP5fu2rfvUaacdJzpRi06SEG6GalmfB5nOEEfBU4p0vdfCS4eXPraUT3cADS-5-Hb3-Wko05zfwNVojAIEIo8H2AhneqRx4xk2NIKAGl_aWqlZt_r-Jq_u5vA17JMktyflylNgWLBW85e8c_8bIvwZvzts_2nqg5MmWGWZ7gJTf_IHC5hMF8Hkg4tiIOyGCdCI6hJiu9hRXrs61-Zwtx7jH1avNLI6VpAK9xMMPWfMSWVkbIHNTj6SSGKXKUiUvQuqgVxieUv-oTZXS_yg0CXdsUbvvbV35PYeF6U39RLJMjre9ItMWrpuoqf-V4y_D91_cqVvO6CrgQnHLaRWJjf47qLahs57AiiK_WkS5Z5GHG5XFsexbLNHQr4DGBixJXh5fNPJ-a1xhk3p7xoTTqpuDRXUzVSqVocGkCquxEL6d6a4Zh2jXwWyrOAejtvLNqrXBi7fgHo8K7liLVQ==&p=14&fvj=1&vjs=3
Senior Fullstack JS Developer (m/w/d),Digital H GmbH,Berlin,Vor mehr als 30 Tagen,2021-01-17,Digital H GmbH,"Wir entwickeln und konzipieren innovative Softwarelösungen für angestaubte Branchen.
Dabei bieten wir white label Softwareprodukte sowie individuell entwickelte…",https://de.indeed.com//pagead/clk?mo=r&ad=-6NYlbfkN0AboRC9ReYZ0CvJQMfGDiyC-nXLImyv3P5t1d_5AUesBumIgTMxxlHIrcrCS5_tt4vKeRNvduYonMc-ufxfIl4a66CqlwtKc04gCNyKk8hMGHWKP6vhu74b2Zdr6WonS9w32RyQPN5DEgaNem_jzyAnuzQSy34etrmk7GlP1GsDCW5goW2d4mOR2TO3E8dF8eSM0qcDwM4Bb7lcVVp02PfJmmpuHJqk5huP9XjK5hmio5RvXMgaNKg5VXWLM0JhsXFJd2CgwqXyLQSuLgxT2hpi5fqqaYzZB0qGkfC1n47ghOMFX7WFiJ-8m2TeFVYR2KfFTDSfDoLEVx6jG82K3sX7Z_lPWUqShDUcYJnOXlQiFaBwdweuIjhV2bLbWNQehZwnnsna5ElxXkWHA17cCRZon8fzUJmo_ZHKQxm89CUDETp9DytTWzinNLdS_HUQynhYJvB9q_8olmjog61Qwo0m-SeZ2nmfOjo7dIhhqloDyg==&p=15&fvj=1&vjs=3
Senior Product Manager - SaaS/B2B (f/m/d),shyftplan.com,Berlin,Vor mehr als 30 Tagen,2021-01-17,shyftplan.com,"Coordinate a cross-functional team of developers, engineers and designers.
Our software and expertise enables companies to transform their processes and…",https://de.indeed.com//pagead/clk?mo=r&ad=-6NYlbfkN0D938HVd4Z2q33ybW1lsb1UZ7-egTmNOwzLyTui0Uhh6sn_IC_vfIJCw6CntRotB12CK2yZlcrSMCK5lrrlUFkETUOa_TMshQ66OG0n9AXXpvAcZFtkoS2dW3UXz2-SZ82paMDxgAmr8x12yu84oSgyfojjKTohqwSqxvMfdkwgjNmlM4u4MBoPhVv1KocZCCmwDpuFg_qyi16oNNCDbwAlnl9CPdimCf3AUyYsT1lj2sAVQ_oGTZ1rDy23IK07ePSIfcX__zugD0GyOBzbEb5F7Kj9NPpa3ufRNcq-uJ-sxzgTqt4p5DB90NaOd5gakF-LCRsjT_ndFPosfEjdtpieBSh3FndnvuYF3SNbO8UBDx6oWWUFbmWsGvd1K86q_TMRat85ZQVpFUrtQYCQ5fmAX54Ke3PgnPQugy5T_eYEtwGday0r5ts6kMrd1NgD_sYFsdzgTjDZ0yiB2vn97fZptf2OzMtdnqzMW6YKNKKckGjC0qw3ZbbKF-5SFJSTOaS366FFVsh5Og==&p=16&fvj=0&vjs=3
Senior Software Developer (m/w/d),wenigermiete.de,Berlin,Vor mehr als 30 Tagen,2021-01-17,wenigermiete.de,"Pair with more junior people and teach them.
Have a deep understanding of software engineering principles and standards.
What features isn't working?).",https://de.indeed.com//rc/clk?jk=5cc209955438af7c&fccid=c4093267a9d19233&vjs=3
Fullstack JavaScript Developer,SatoshiPay,Berlin,Vor mehr als 30 Tagen,2021-01-17,SatoshiPay,"We are big believers (and users!) of open source software, so you will also be working on software that is released under an open license and take part in open…",https://de.indeed.com//rc/clk?jk=f3ed996b5fb6cc49&fccid=5ccefdfc2601ef4a&vjs=3
Fullstack Developer (m/w/d),Lowell Group,Berlin,Vor mehr als 30 Tagen,2021-01-17,Lowell Group,"As one of Europe's leading and most respected credit management companies, we believe in the importance of good relationships.",https://de.indeed.com//rc/clk?jk=5591920d3da08840&fccid=a36ea3f1a83313e5&vjs=3
Senior Software Engineer - (Typescript/Javascript/React) (DH Global Service)(f/m/d),Delivery Hero,Berlin,vor 5 Tagen,2021-01-17,Delivery Hero,"Practicing modern software development methodologies such as Continuous Delivery, TDD and Scrum.
Exchange ideas and meet fellow developers in our active guilds…",https://de.indeed.com//rc/clk?jk=6eceec74e0ae6fb9&fccid=3228946bc134183e&vjs=3
(f/m/d),PikeTec,Berlin,Vor mehr als 30 Tagen,2021-01-17,PikeTec,"PikeTec is specialized in testing embedded control software and develops the testing software TPT.
Development and implementation of software.",https://de.indeed.com//rc/clk?jk=5dda56ebf2917fbe&fccid=810e032dd4f2746e&vjs=3
AngularJS Senior Developer (m/w/d),Axel Springer,Berlin,vor 5 Tagen,2021-01-17,Axel Springer,Für den Ausbau unserer schnell wachsenden Hochtechnologie-Werbeplattform für Performance Marketing 'AdUp Technology' suchen wir einen engagierten Angular Senior…,https://de.indeed.com//rc/clk?jk=c80ce23a3706302b&fccid=207576419925c2f8&vjs=3
Senior Full-Stack Developer (m/f/d),Venture Leap GmbH,Berlin,Vor mehr als 30 Tagen,2021-01-17,Venture Leap GmbH,"Act as a sparring partner and mentor to the junior developers.
We are a team of experienced entrepreneurs and developers who enjoy building new things.",https://de.indeed.com//rc/clk?jk=d6a73eff448c9384&fccid=26ebc040ccdb2a34&vjs=3
Senior Full Stack Developer (f/m/d),SGEF Digital Factory,Berlin,vor 21 Tagen,2021-01-17,SGEF Digital Factory,"Mentoring junior members in the team by championing code quality and dedicated feedback sessions.
SGEF Digital Factory is about what fits.",https://de.indeed.com//rc/clk?jk=6f4e62ee6b8581b3&fccid=11cc4c41efa6b642&vjs=3
Lead Tester (m/w/d),Lowell Group,Berlin,Vor mehr als 30 Tagen,2021-01-17,Lowell Group,"As one of Europe's leading and most respected credit management companies, we believe in the importance of good relationships.",https://de.indeed.com//rc/clk?jk=2b57a7862d8eb6b0&fccid=a36ea3f1a83313e5&vjs=3
DevOps / SRE (m/f/d),Talon.one,Berlin-Kreuzberg,vor 5 Tagen,2021-01-17,Talon.one,"We believe strongly in opening opportunities for junior developers to be mentored and grow their skills.
The beauty of the software is that it empowers the…",https://de.indeed.com//rc/clk?jk=c9c9eab1b1c1410c&fccid=1b5d0c2b84abb5fe&vjs=3
Senior Fullstack Developer (m/f/d),KUGU Home GmbH,Berlin,vor 25 Tagen,2021-01-17,KUGU Home GmbH,"As a senior developer you will guide and mentor junior developers.
The central task of the full stack developer is to build up and maintain the current services…",https://de.indeed.com//rc/clk?jk=483a98394cf51ea7&fccid=9c0aa057dc4ff749&vjs=3
Multilingual Junior Business Development Executive (w/m/d),Pix4D,Berlin,Vor mehr als 30 Tagen,2021-01-17,Pix4D,"Pix4D is a developer of cutting edge software that converts images taken by hand, drone, or plane into survey-grade accurate and georeferenced 2D mosaics, 3D…",https://de.indeed.com//rc/clk?jk=83be845e18bdfd36&fccid=ce0aeea0cfcd5983&vjs=3
(Senior) Java Developer (m/w/d),Talentwunder GmbH,Berlin,vor 18 Tagen,2021-01-17,Talentwunder GmbH,"Mehr denn je gilt es, Kandidat/innen und Bewerber/innen für offene Stellen als Kunden zu verstehen.
Mit unserer Talentwunder[App] und unserer künstlichen…",https://de.indeed.com//company/Talentwunder-GmbH/jobs/-e1c4822b81b78ecf?fccid=e2aa7ce959124f0d&vjs=3
(Senior) Software Engineer - Frontend,Heritage Type Co.,Berlin-Kreuzberg,vor 22 Tagen,2021-01-17,Heritage Type Co.,"You have experience in mentoring junior developers.
Our software solutions are applied across various industries and are used by clients like Netflix, Warner…",https://de.indeed.com//rc/clk?jk=0288c542ac03413b&fccid=182aa2b95945a928&vjs=3
Senior JavaScript Fullstack Developer (m/f/x),Aaron.ai,Berlin-Kreuzberg,vor 27 Tagen,2021-01-17,Aaron.ai,"You will coach junior developers to help them reach their full potential.
Aaron.ai* represents a new generation of voice control that enriches everyones' daily…",https://de.indeed.com//company/Aaron-GmbH/jobs/Senior-Javascript-Fullstack-Developer-5165a9871b254197?fccid=5145390f965caadd&vjs=3
Senior JavaScript Fullstack Developer (m/f/x),Aaron.ai,Berlin-Kreuzberg,vor 27 Tagen,2021-01-17,Aaron.ai,"You will coach junior developers to help them reach their full potential.
Aaron.ai* represents a new generation of voice control that enriches everyones' daily…",https://de.indeed.com//company/Aaron-GmbH/jobs/Senior-Javascript-Fullstack-Developer-5165a9871b254197?fccid=5145390f965caadd&vjs=3
Senior Entwicklungsingenieur (m/w/d) Embedded Software,Baumer,Berlin,Vor mehr als 30 Tagen,2021-01-17,Baumer,"Verstärken Sie uns mit Ihrem Fachwissen und Engagement!
In der Rolle als Senior Entwicklungsingenieur (m/w/d) Embedded Software entwickeln Sie hardwarenahe…",https://de.indeed.com//rc/clk?jk=e61137dda7b5c7b6&fccid=be723ea4e68af718&vjs=3
"Microsoft Dynamics NAV/Business Central (Junior) Technical Consultant/Developer (m/w), Berlin",KA Resources,Berlin,Vor mehr als 30 Tagen,2021-01-17,KA Resources,"Für meinen Auftraggeber, ein seit dem Jahr 1988 existierendes, marktführendes Unternehmen aus dem Einzelhandel, der seine zahlreichen Produkte aktuell mit Hilfe…",https://de.indeed.com//rc/clk?jk=2a1ad012a574bc30&fccid=7d9327a465626127&vjs=3
Senior Backend Developer,OSF Commerce,Berlin,Vor mehr als 30 Tagen,2021-01-17,OSF Commerce,"Supporting other developers and working with them as an agile team.
Programming of project-related software and correction of program errors.",https://de.indeed.com//rc/clk?jk=6431dbbcb8d350ac&fccid=9a0c22746355d9ce&vjs=3
Senior Software Engineer - Data Platform,Babbel,Berlin,vor 8 Tagen,2021-01-17,Babbel,"Mentor our junior developers and enable them to thrive.
Extensive experience creating scalable and reliable services.",https://de.indeed.com//rc/clk?jk=0c66118703dedb34&fccid=8e4e1d84995a7a70&vjs=3
(Senior) Python Developer (m/w),viasto GmbH,Berlin,Vor mehr als 30 Tagen,2021-01-17,viasto GmbH,"You will work alongside 2 experienced Python developers and one Junior in order to.
Your main task will be to develop awesome new features for existing products…",https://de.indeed.com//rc/clk?jk=7eccae13cf91c434&fccid=40681148eb1a11cd&vjs=3
Junior SAP Inhouse Developer (w/m/d),PwC,Berlin,Vor mehr als 30 Tagen,2021-01-17,PwC,"Wir sind ein internationales Netzwerk aus 284.000 Mitarbeiterinnen und Mitarbeitern, die ihr Wissen, ihre Erfahrungen und ihre Ideen miteinander teilen.",https://de.indeed.com//rc/clk?jk=f7cb30480d033c1b&fccid=5e964c4afc56b180&vjs=3
Senior Backend Developer (f/m/x),iconmobile GmbH,Berlin,Vor mehr als 30 Tagen,2021-01-17,iconmobile GmbH,"Experience with agile & distributed software development.
Lead and mentor other, more junior engineers by example.
Experience with CI/CD pipelines.",https://de.indeed.com//rc/clk?jk=f42837904388ade1&fccid=9d0773d61f8e51ba&vjs=3
Principal Python Engineer - New Verticals (f/m/d),Delivery Hero,Berlin,Vor mehr als 30 Tagen,2021-01-17,Delivery Hero,"Ability to collaborate with and mentor more junior engineers in the team.
A rock-solid foundation in Computer Science (data structures, algorithms, software…",https://de.indeed.com//rc/clk?jk=02103b282c452aca&fccid=3228946bc134183e&vjs=3
Frontend / Javascript,Darwin Recruitment,Berlin,vor 25 Tagen,2021-01-17,Darwin Recruitment,"Coach and mentor junior members of your team.
Several years of experience as a JavaScript developer working in cross-functional teams.",https://de.indeed.com//rc/clk?jk=3a0f4739366838cd&fccid=2492b919e00491c0&vjs=3
Senior Java Developer (x/f/m),Ubermetrics Technologies GmbH,Berlin,Vor mehr als 30 Tagen,2021-01-17,Ubermetrics Technologies GmbH,"At least three years of experience in software development.
Ubermetrics is the leading SaaS platform for content intelligence and analytics, earned media…",https://de.indeed.com//rc/clk?jk=7543544733c54e95&fccid=7c64bc57bba1c993&vjs=3
Chief Software Engineer,Darwin Recruitment,Berlin,Vor mehr als 30 Tagen,2021-01-17,Darwin Recruitment,"Identifying limitations with the software architecture, and planning elegant solutions to solve any issues.
This is an opportunity for a Chief Software Engineer…",https://de.indeed.com//rc/clk?jk=92afee02124af417&fccid=2492b919e00491c0&vjs=3
Senior Frontend Developer,diva-e Digital Value Excellence GmbH,Berlin,Vor mehr als 30 Tagen,2021-01-17,diva-e Digital Value Excellence GmbH,"Du entwickelst gerne interaktive Web-Portale und -Anwendungen und die am liebsten mit React, Angular oder Vue.js?
Dann willkommen bei diva-e!",https://de.indeed.com//rc/clk?jk=b81959a93c21af50&fccid=75aed32be5a3ab39&vjs=3
Senior Backend Developer Golang (f/m/x),iconmobile,Berlin,vor 3 Tagen,2021-01-17,iconmobile,"Experience with agile & distributed software development.
Lead other, more junior engineers by example.
Envision and implement future-proof cloud platforms for…",https://de.indeed.com//rc/clk?jk=255fae3aa03307d6&fccid=43efabf835a58164&vjs=3
Lead Developer (m/f/d),allmyhomes GmbH,Berlin-Kreuzberg,Vor mehr als 30 Tagen,2021-01-17,allmyhomes GmbH,"Support professional development of junior colleagues.
Several years of professional experience as a frontend developer, ideally in the online environment.",https://de.indeed.com//rc/clk?jk=a378f985e3ecdfbe&fccid=d4b94cb04fd77415&vjs=3
Full Stack Developer / IT / Informatik / Datenbanken (m/w/d),Campusjäger GmbH,Berlin,Vor mehr als 30 Tagen,2021-01-17,Campusjäger GmbH,"Du bist sowohl Entwickler-Ass als auch Berater und möchtest schnell mehr dazu lernen?
Klassische Karrierewege findest Du ausgelutscht und möchtest direkt auf…",https://de.indeed.com//pagead/clk?mo=r&ad=-6NYlbfkN0CgYCB7fZPHXlObFc86CfBGJRgAH99GtvejjEFhbUgEpNlH7WWX-d-BIB4YviWWZVet5zwPrG5XSzpEtxObS-6aKs6B6Sn_fqLhJB7dSV-jndkEEQ1BVtpxwyrgmLAzMlFGqU5fVoTHM4ySvoYk_9Pb7dzNyevK3ASdB-MoIREaSbdL28xYe_VjhooMf4NGGbVuhCRIr7Fp-3zwkytmQJkk4cgsnQtcQP5gKlec2c2A40E2_aUkyzl97vi3UYUjH9G-aW6tzDUqu9o0FFAirJGpLRCBjGwTABZdpciDU11Zzif4lh9Konf0IFVbToujHZaKbQlCJyg0E1MtcIO5SX00TaKt9bNQ8m0mNugQiPuHT6Ys5FVDTPKVmR5lP3Qb4ddSJ9Bq4g-KxMhCQK9G6GZK_0eRFuqZCi7yxKNL1gV2LR6HjFDlz6fW12CqJqsHCdwG3Hw9-alAW5iLcfXyjbopg9Bl6Z5tVfoEGXT_I9Xx4Ftuh7fez9Y7&p=0&fvj=0&vjs=3
Senior Full-Stack Developer (m/f/d),Venture Leap GmbH,Berlin,Vor mehr als 30 Tagen,2021-01-17,Venture Leap GmbH,"Act as a sparring partner and mentor to the junior developers.
We are a team of experienced entrepreneurs and developers who enjoy building new things.",https://de.indeed.com//rc/clk?jk=d6a73eff448c9384&fccid=26ebc040ccdb2a34&vjs=3
Senior Full Stack Developer (f/m/d),SGEF Digital Factory,Berlin,vor 21 Tagen,2021-01-17,SGEF Digital Factory,"Mentoring junior members in the team by championing code quality and dedicated feedback sessions.
SGEF Digital Factory is about what fits.",https://de.indeed.com//rc/clk?jk=6f4e62ee6b8581b3&fccid=11cc4c41efa6b642&vjs=3
Lead Tester (m/w/d),Lowell Group,Berlin,Vor mehr als 30 Tagen,2021-01-17,Lowell Group,"As one of Europe's leading and most respected credit management companies, we believe in the importance of good relationships.",https://de.indeed.com//rc/clk?jk=2b57a7862d8eb6b0&fccid=a36ea3f1a83313e5&vjs=3
DevOps / SRE (m/f/d),Talon.one,Berlin-Kreuzberg,vor 5 Tagen,2021-01-17,Talon.one,"We believe strongly in opening opportunities for junior developers to be mentored and grow their skills.
The beauty of the software is that it empowers the…",https://de.indeed.com//rc/clk?jk=c9c9eab1b1c1410c&fccid=1b5d0c2b84abb5fe&vjs=3
Senior Fullstack Developer (m/f/d),KUGU Home GmbH,Berlin,vor 25 Tagen,2021-01-17,KUGU Home GmbH,"As a senior developer you will guide and mentor junior developers.
The central task of the full stack developer is to build up and maintain the current services…",https://de.indeed.com//rc/clk?jk=483a98394cf51ea7&fccid=9c0aa057dc4ff749&vjs=3
Multilingual Junior Business Development Executive (w/m/d),Pix4D,Berlin,Vor mehr als 30 Tagen,2021-01-17,Pix4D,"Pix4D is a developer of cutting edge software that converts images taken by hand, drone, or plane into survey-grade accurate and georeferenced 2D mosaics, 3D…",https://de.indeed.com//rc/clk?jk=83be845e18bdfd36&fccid=ce0aeea0cfcd5983&vjs=3
(Senior) Java Developer (m/w/d),Talentwunder GmbH,Berlin,vor 18 Tagen,2021-01-17,Talentwunder GmbH,"Mehr denn je gilt es, Kandidat/innen und Bewerber/innen für offene Stellen als Kunden zu verstehen.
Mit unserer Talentwunder[App] und unserer künstlichen…",https://de.indeed.com//company/Talentwunder-GmbH/jobs/-e1c4822b81b78ecf?fccid=e2aa7ce959124f0d&vjs=3
(Senior) Software Engineer - Frontend,Heritage Type Co.,Berlin-Kreuzberg,vor 22 Tagen,2021-01-17,Heritage Type Co.,"You have experience in mentoring junior developers.
Our software solutions are applied across various industries and are used by clients like Netflix, Warner…",https://de.indeed.com//rc/clk?jk=0288c542ac03413b&fccid=182aa2b95945a928&vjs=3
Senior JavaScript Fullstack Developer (m/f/x),Aaron.ai,Berlin-Kreuzberg,vor 27 Tagen,2021-01-17,Aaron.ai,"You will coach junior developers to help them reach their full potential.
Aaron.ai* represents a new generation of voice control that enriches everyones' daily…",https://de.indeed.com//company/Aaron-GmbH/jobs/Senior-Javascript-Fullstack-Developer-5165a9871b254197?fccid=5145390f965caadd&vjs=3
Senior Entwicklungsingenieur (m/w/d) Embedded Software,Baumer,Berlin,Vor mehr als 30 Tagen,2021-01-17,Baumer,"Verstärken Sie uns mit Ihrem Fachwissen und Engagement!
In der Rolle als Senior Entwicklungsingenieur (m/w/d) Embedded Software entwickeln Sie hardwarenahe…",https://de.indeed.com//rc/clk?jk=e61137dda7b5c7b6&fccid=be723ea4e68af718&vjs=3
Full Stack Developer / Software / Web / IT (m/w/d),Campusjäger GmbH,Berlin,Vor mehr als 30 Tagen,2021-01-17,Campusjäger GmbH,"Du bist sowohl Entwickler-Ass als auch Berater und möchtest schnell mehr dazu lernen?
Klassische Karrierewege findest Du ausgelutscht und möchtest direkt auf…",https://de.indeed.com//pagead/clk?mo=r&ad=-6NYlbfkN0CgYCB7fZPHXlObFc86CfBGJRgAH99GtvejjEFhbUgEpNlH7WWX-d-BaNEheoH7WbNaIffURUsYllFOsQDB11UtEKWadmosa6qf6c3VZAj4lYcc5s9-R33zH9kmQTgnTUst2NUFPTOUJTAKnqWZ0PssJJ7sh4S09aTCPFHE4BiZB32VnbzkjYHWuDxarwz3RBDzl_MyIX66ZDnPOhSBhuYVT4br9_O5Oq68uLx8FBoPzWq1dQ7XPBU4A8fwzJtX6UtF36apjNUl55qVPss2h4lbAU0kg60k9NPooa7KWiEezFnIG4u_G861lcsF3BuDalQE-yEoYq6NrrRaudON0h_EZ-1kta6aShFkuDcHTu3p8zMspztsKJphnV70K8Yia6VB7OBS9fiNTWY06UjRFP1ZfXxD39CuDjMbduuYV5W0l3v4BHg3WtK9BBz6jBSct1qNP_NF9LZvehnRaV2hdxPUa8rDt-0_AZA=&p=11&fvj=0&vjs=3
Webentwickler Frontend/Informatik/Produktmanagement (m/w/d),Campusjäger GmbH,Berlin,vor 12 Tagen,2021-01-17,Campusjäger GmbH,"You give (technical) guidance to junior and mid-level developers (e.g. through peer programming and code reviews).
#health: healthy snacks and drinks.",https://de.indeed.com//pagead/clk?mo=r&ad=-6NYlbfkN0CgYCB7fZPHXlObFc86CfBGJRgAH99GtvejjEFhbUgEpNlH7WWX-d-BIB4YviWWZVcufpNUhB_xacAGMMdcKE4z_CkUkw2lsuJunCNL5kVEpgGr9BaQlFp_L9C-MTAmdO2f6kH0-gny0me_5Icmlz7AssHCUdN_Z2SGSbZDKWDutXv9TgHiuYTEYKYLL_YjLn2wRNxNeolYXVR7qkJUSiRhwuHnZ6GtW6ZJlh-On0VB49gL4Q_FwTMkfB8uKLnWchQgX3OVzOmgRTR1P4Bb6StdLtAaQnYXa_ytWD144aWF94w7BLvsofLh8PovRMhZSQBYo4qppa1FfjKt21kXe7qBvuTlvIHZEzsoqVY3S-J7mUcuUDRNRYHH0k8HTBqrDdGOwXCJIoADxhbuX3wtnu0rnpV_llp9I7kctnC0cFvcc0KSO8ERjURl3uiEhurPu8NpyWZyamyW7SDFC5I86gQIxdNRDx5G4WuhViMz6PwpSw==&p=12&fvj=0&vjs=3
(Junior) Android App Developer Call a Bike (w/m/d),Deutsche Bahn,Berlin,vor 5 Tagen,2021-01-17,Deutsche Bahn,"Wenn es darum geht, zukünftig Millionen Fahrgäste und tausende Züge auch digital auf den Weg zu bringen, braucht es die besten IT-Experten.",https://de.indeed.com//pagead/clk?mo=r&ad=-6NYlbfkN0DljOvZGN3hFQj_BTRjfQ_6VHkhFYj6-MowMUsrpnmheUkkFzGuiH18vcVTe8RU2zm4vnFBZTMoeGNbsB_BcuqXganvfMxDptFHnMXVgldboNCjihneCFYjoDzVLPdeMtCmLDFarC1Nxsv4H0ATwVXE-Qk3YzFegTFekvbUm4T47B8fx4EtO6z5fzL9e4YKFEnr8szsbW4KMVjswTp3cLulnibWacL6FJNeSXxWdi-DoA1WUmRmzWQfz9PIOsPtYOsGo_fVWwLypg_pjFjkuLBWiuVGasB1IkniLYWP5qHKFHql9Rcu2UAD4mTOGzEMTTuKDHsvNQRdK6WkNAUnwa6CttCsD0_HdmfAwaiWpJFDN0Np52FIo7_oKCA_GXkMQq__Cncw5PK_7yxRMXpEGHjpTGUsKbWKIUQQn0jzrHBcchHmDXv8R99Z8pgYJjNpYxwHXeKEhwvFMOuemVWen0HOlrY95gbdW08HmdJ0q7FOUeYIVwxzV_M_8stCa3tjCG1E8j8-2P-m8VFzbFa_Ayoq86uuYsvS5PziMwyaqAw5dyBfr9VA031GkeLipeIHEbXM4GDmt5Zwqzz8exrJgaTXejFllVZT1KL0420f5DwEZkxlU2yseMvKW2Cfa7QkpKGLbobMk79maw==&p=13&fvj=1&vjs=3
Senior Product Manager - SaaS/B2B (f/m/d),shyftplan.com,Berlin,Vor mehr als 30 Tagen,2021-01-17,shyftplan.com,"Coordinate a cross-functional team of developers, engineers and designers.
Our software and expertise enables companies to transform their processes and…",https://de.indeed.com//pagead/clk?mo=r&ad=-6NYlbfkN0D938HVd4Z2q33ybW1lsb1UZ7-egTmNOwzLyTui0Uhh6sn_IC_vfIJCw6CntRotB12CK2yZlcrSMCK5lrrlUFkETUOa_TMshQ66OG0n9AXXpvAcZFtkoS2dW3UXz2-SZ82paMDxgAmr8x12yu84oSgyfojjKTohqwSqxvMfdkwgjLo-D4Mx1-K4NFp2eKWl0ud745J7u5EBirq5K2PD3sZyNYPCRUBM5kbEaUsWqe82bjOK7MiC_XKW14g0a7G-4dt1gcy2EHRglU8ssGLBr7JKfNpPKindS2RottRVCghyYextKvUU9tWi20cS3SzpD9dLJa-zzpG1D5Oy_pjJ2dsNPgyL_RoetgmCl_Fs0WyLTuerRg65AsbD5a0a_s_gTCdB0cgqP_kVhUATi8JM1Rx5SuKQKq31ywl04BFFfQ8xd9n3GWgyGScz65FWfFYXlDlFMn-H84VAKNPVyMiLJ3qw-l-gDXNufT_WiCeALK11B7dQOyeRuPgwDq_wFNLLLDDt5B7y2Ryiog==&p=14&fvj=0&vjs=3
Senior Fullstack JS Developer (m/w/d),Digital H GmbH,Berlin,Vor mehr als 30 Tagen,2021-01-17,Digital H GmbH,"Wir entwickeln und konzipieren innovative Softwarelösungen für angestaubte Branchen.
Dabei bieten wir white label Softwareprodukte sowie individuell entwickelte…",https://de.indeed.com//pagead/clk?mo=r&ad=-6NYlbfkN0AboRC9ReYZ0CvJQMfGDiyC-nXLImyv3P5t1d_5AUesBumIgTMxxlHIrcrCS5_tt4vKeRNvduYonMc-ufxfIl4a66CqlwtKc04gCNyKk8hMGHWKP6vhu74b2Zdr6WonS9w32RyQPN5DEgaNem_jzyAnuzQSy34etrmk7GlP1GsDCW5goW2d4mORxPBgx1Mv6grs97RkBwbwI8FvNvdSrj3-7TCi3I2-X23x-K8jgn-ADNuuT5xZI2GQ9pleggVGYxwGy-XLL61F9GUCRbF5TT-41tGkyNZIYB3ZNHdIWmqtoimZN3-xsQSwuoO-WHZBTRGLT2D6VpqdIb3Q_qW1c37ftEDSExtMS7GtqtyZBubMoXAiv1JlgiXUgP_sU0Dwk6rmURFAWvGMnvsjPrPhA3MTvDeQqod-8fsAaTGom35OK8YV7TZNCHZgS-dYhBK91bWEhtG5dmcH4zFkCrNCFemtVsJMAXvbDMMJL8ad2fe4gA==&p=15&fvj=1&vjs=3
Junior Java Developer (m/w/d),Senacor Technologies AG,Berlin,Vor mehr als 30 Tagen,2021-01-17,Senacor Technologies AG,"At Senacor Technologies AG (Permanent), in Berlin, Germany.
Expires at: 2021-03-27.
Steige mit Senacor in die agile Softwareentwicklung ein!",https://de.indeed.com//pagead/clk?mo=r&ad=-6NYlbfkN0CDUWlcJAFLsvJnItBP09zQvqfTfenw0A49Mj1GoT8-Dlyy14j_U0xbRKSD_J88A7glIpC5JmYWXOvH0hPSpZRUyGEkNSQWaaD-Z2_guwgoQpcxfw3bLgRX9MAa2TPFlW21dpUetus03TLyKhZJ0DzGKDzxy7qCk0kHJtYM96Sq8MoVzqi4tb3dLaCP1hH9U3lX5Z9bw-1-v5Aws58zLOYRkkocPq8ZPftRi_NzJjyzO3DsDC2L_LiO3wq8s4aPjezXP9orkPbfxOL6JoXHS0xCFS7Y7c8n6kDa1-ibVKBkMtfqL4_6OlvGemUrEGoOmz3kx-YJtmgzNptEAQCsoMBZtgy_JwQiKpESY69pqKS9SHrpmBih6Fj1nhe6OAqL1FUBfN-636_NAOGIIuaVNUxnF7JRzSazV_iix6sl_05UvXRjRy-yt4zkP3b9ozWn4Ldmy2bMXE3oKFe22YOAxcCDhy1tMJ1nphCqPYAuessrzw_UjsGO51v0gJiiOhhEo9cCQDDnxr6xqVcqO00EzDHIOQKCW6VOqKK31qPYOKGlw-39QMf8j3eWuzFhcNqd8GK7XBclW9WOkhiEnVSQfo-ug7C1T43iQvYZX3cUWvIVyv2tNNdONUTM6Bd5xmmbn23qgOWGC5jc6APbI_--cVOOY4XUG8rlIjph0B3fx0eatKkFQj7evVQlWz2zgrsovEtN6cT0J2kwpTrrBd8kK2KLmVEHkf1kKrG00BZLl3mcQ61PSLqCZozR&p=16&fvj=0&vjs=3
Webentwickler Frontend/Informatik/Produktmanagement (m/w/d),Campusjäger GmbH,Berlin,vor 12 Tagen,2021-01-17,Campusjäger GmbH,"You give (technical) guidance to junior and mid-level developers (e.g. through peer programming and code reviews).
#health: healthy snacks and drinks.",https://de.indeed.com//pagead/clk?mo=r&ad=-6NYlbfkN0CgYCB7fZPHXlObFc86CfBGJRgAH99GtvejjEFhbUgEpNlH7WWX-d-BIB4YviWWZVcufpNUhB_xacAGMMdcKE4z_CkUkw2lsuJunCNL5kVEpgGr9BaQlFp_L9C-MTAmdO2f6kH0-gny0me_5Icmlz7AssHCUdN_Z2QhJ2NoLPrTf7lNfZXtyY5XOe8N2a5_nXzhzSJ3lGqUBTBD9bEeQtly6ENaLw4V0G1NxeKJWOvD0xm9WFYPUD6a3-VnnktzfYaV8Z35maUj1_29vkY6I6nNw-yEkZYyRHu7stfILoVaRqYoiB6OVP61qQS6B8MuJ23cIXG9sCmV9fhAgFffxGFBMqs8Jcxww8lPG4Dfo-Hm5bG5wHlSaUiZ_Ov_yybW4xkxJXe6NP_t5-veU7L6oml5TmMGhVolYlvBt1W1fzxrqaHBFS0v2t2upFwC71Y0k_eigE9f_dVYS8AhRYv-Ne8xR626iLjmMd3qzuCb4GeuHw==&p=0&fvj=0&vjs=3
"Microsoft Dynamics NAV/Business Central (Junior) Technical Consultant/Developer (m/w), Berlin",KA Resources,Berlin,Vor mehr als 30 Tagen,2021-01-17,KA Resources,"Für meinen Auftraggeber, ein seit dem Jahr 1988 existierendes, marktführendes Unternehmen aus dem Einzelhandel, der seine zahlreichen Produkte aktuell mit Hilfe…",https://de.indeed.com//rc/clk?jk=2a1ad012a574bc30&fccid=7d9327a465626127&vjs=3
Senior Backend Developer,OSF Commerce,Berlin,Vor mehr als 30 Tagen,2021-01-17,OSF Commerce,"Supporting other developers and working with them as an agile team.
Programming of project-related software and correction of program errors.",https://de.indeed.com//rc/clk?jk=6431dbbcb8d350ac&fccid=9a0c22746355d9ce&vjs=3
Senior Software Engineer - Data Platform,Babbel,Berlin,vor 8 Tagen,2021-01-17,Babbel,"Mentor our junior developers and enable them to thrive.
Extensive experience creating scalable and reliable services.",https://de.indeed.com//rc/clk?jk=0c66118703dedb34&fccid=8e4e1d84995a7a70&vjs=3
(Senior) Python Developer (m/w),viasto GmbH,Berlin,Vor mehr als 30 Tagen,2021-01-17,viasto GmbH,"You will work alongside 2 experienced Python developers and one Junior in order to.
Your main task will be to develop awesome new features for existing products…",https://de.indeed.com//rc/clk?jk=7eccae13cf91c434&fccid=40681148eb1a11cd&vjs=3
Junior SAP Inhouse Developer (w/m/d),PwC,Berlin,Vor mehr als 30 Tagen,2021-01-17,PwC,"Wir sind ein internationales Netzwerk aus 284.000 Mitarbeiterinnen und Mitarbeitern, die ihr Wissen, ihre Erfahrungen und ihre Ideen miteinander teilen.",https://de.indeed.com//rc/clk?jk=f7cb30480d033c1b&fccid=5e964c4afc56b180&vjs=3
Senior Backend Developer (f/m/x),iconmobile GmbH,Berlin,Vor mehr als 30 Tagen,2021-01-17,iconmobile GmbH,"Experience with agile & distributed software development.
Lead and mentor other, more junior engineers by example.
Experience with CI/CD pipelines.",https://de.indeed.com//rc/clk?jk=f42837904388ade1&fccid=9d0773d61f8e51ba&vjs=3
Principal Python Engineer - New Verticals (f/m/d),Delivery Hero,Berlin,Vor mehr als 30 Tagen,2021-01-17,Delivery Hero,"Ability to collaborate with and mentor more junior engineers in the team.
A rock-solid foundation in Computer Science (data structures, algorithms, software…",https://de.indeed.com//rc/clk?jk=02103b282c452aca&fccid=3228946bc134183e&vjs=3
Frontend / Javascript,Darwin Recruitment,Berlin,vor 25 Tagen,2021-01-17,Darwin Recruitment,"Coach and mentor junior members of your team.
Several years of experience as a JavaScript developer working in cross-functional teams.",https://de.indeed.com//rc/clk?jk=3a0f4739366838cd&fccid=2492b919e00491c0&vjs=3
Senior Java Developer (x/f/m),Ubermetrics Technologies GmbH,Berlin,Vor mehr als 30 Tagen,2021-01-17,Ubermetrics Technologies GmbH,"At least three years of experience in software development.
Ubermetrics is the leading SaaS platform for content intelligence and analytics, earned media…",https://de.indeed.com//rc/clk?jk=7543544733c54e95&fccid=7c64bc57bba1c993&vjs=3
Chief Software Engineer,Darwin Recruitment,Berlin,Vor mehr als 30 Tagen,2021-01-17,Darwin Recruitment,"Identifying limitations with the software architecture, and planning elegant solutions to solve any issues.
This is an opportunity for a Chief Software Engineer…",https://de.indeed.com//rc/clk?jk=92afee02124af417&fccid=2492b919e00491c0&vjs=3
Full Stack Developer / IT / Informatik / Datenbanken (m/w/d),Campusjäger GmbH,Berlin,Vor mehr als 30 Tagen,2021-01-17,Campusjäger GmbH,"Du bist sowohl Entwickler-Ass als auch Berater und möchtest schnell mehr dazu lernen?
Klassische Karrierewege findest Du ausgelutscht und möchtest direkt auf…",https://de.indeed.com//pagead/clk?mo=r&ad=-6NYlbfkN0CgYCB7fZPHXlObFc86CfBGJRgAH99GtvejjEFhbUgEpNlH7WWX-d-BIB4YviWWZVet5zwPrG5XSzpEtxObS-6aKs6B6Sn_fqLhJB7dSV-jndkEEQ1BVtpxwyrgmLAzMlFGqU5fVoTHM4ySvoYk_9Pb7dzNyevK3ATjcmowhRZWQs4zRx_ZKoBlf2y0y1kiR0j8AAM6UQlXkdCjkybrka4KBKMFEGjlNtYlGJw3H0Gb5-kg77PZgE0rz4-AjxHmgqmLHdHAH_S7TCAGVOpulQKWLXXtWcDdT_Tl4GLEyhI7C6_6tmqUpJdDOdkxzu7GB_T14pGiHRSf1nqPZRNWHfo5Is8Xe4Rn8oE-2Dql-9LWSLuqSG-sTGfMMZzW-LKqFUHaumcfca9DEiFe9_3PaNEFPvoTgUJuRI8da6BpycO4EGZmYh6_GrJb2kEPH-cngNzDoMpaRQ5c1d2jlu71vcLKiCtGfzUQzWtJwDDoy2xpfKG0Qj0u5P7-&p=11&fvj=0&vjs=3
Junior Java Developer (m/w/d),Senacor Technologies AG,Berlin,Vor mehr als 30 Tagen,2021-01-17,Senacor Technologies AG,"At Senacor Technologies AG (Permanent), in Berlin, Germany.
Expires at: 2021-03-27.
Steige mit Senacor in die agile Softwareentwicklung ein!",https://de.indeed.com//pagead/clk?mo=r&ad=-6NYlbfkN0CDUWlcJAFLsvJnItBP09zQvqfTfenw0A49Mj1GoT8-Dlyy14j_U0xbRKSD_J88A7glIpC5JmYWXOvH0hPSpZRUyGEkNSQWaaD-Z2_guwgoQpcxfw3bLgRX9MAa2TPFlW21dpUetus03TLyKhZJ0DzGKDzxy7qCk0kHJtYM96Sq8MoVzqi4tb3dLaCP1hH9U3lX5Z9bw-1-v5Aws58zLOYRkkocPq8ZPftRi_NzJjyzO3P4Kz7Ii_K9xtHszYgHVRQYNHZUl6GC44mgE03-X_t1efEE0DAfYJ6VGQOgmpyrIt_sL9-Y0Oi0BbwFRrpEihOJDXtnwdqAIftI-tQ6bpMyuoo_riyz9pxR-1YeCl724s4OVqqe_d9lQumCaGF-OM59HDaz76GtfZTs83JeuRL3BYKHQZMbi9QPMFpKZ9AdUKrnT24JLnghYzf-ddeQ6lLjEJFhcXyv3dc0Va2aoZefquPufbX-1pvPFt4OHUDTh-44bX4w9fCHot76Ktg89j0sZzwoeg4DvdAxJY5rodCqS-BTg8DgjmelU5LEHQdyqUfAvYGFnaHsx955F5nzPuN31FSgm8-7ttZ777_voIR8-XNR-JyuS3x-N3-mHcZhT6rivrRNt05FA4__7CWt1FBHmUw6xi2Wd-QAqEhgIBgTxYwsHrZ0j3AlCcqgWgdE-myv6gJ6kCZc0f04MPJtmdnYxt7xn7k2eW0mKEbeYRpR9YIsE4mgrXVbO2cT-hxUGxjuZbIhtY0k&p=12&fvj=0&vjs=3
(Junior) Android App Developer Call a Bike (w/m/d),Deutsche Bahn,Berlin,vor 5 Tagen,2021-01-17,Deutsche Bahn,"Wenn es darum geht, zukünftig Millionen Fahrgäste und tausende Züge auch digital auf den Weg zu bringen, braucht es die besten IT-Experten.",https://de.indeed.com//pagead/clk?mo=r&ad=-6NYlbfkN0DljOvZGN3hFQj_BTRjfQ_6VHkhFYj6-MowMUsrpnmheUkkFzGuiH18vcVTe8RU2zm4vnFBZTMoeGNbsB_BcuqXganvfMxDptFHnMXVgldboNCjihneCFYjoDzVLPdeMtCmLDFarC1Nxsv4H0ATwVXE-Qk3YzFegTFekvbUm4T47DqTYgMsKvrPKR4o_WCJgvmegtVg881KGuYrkZro_P1HwGKzNP5T_zj5kD1F8kcYLrDhzdaX4fHSPASJUY8m3yRoGdXNIGYkULd4Rkm9IHTafkeQDjeRLy8P-B70F8twlWr2F-hfq4YL8oaUEyXYN3JShq0HMDai-C7POKm767Zuam-DFf8ZfJqKLW2x1Zg2ySXKE2IRNW1yLRqvuEtmj2CQZEkyDwp_h6sQQUFg6wF1-iYYZcez721WOtYnxGdlkT8ZCtYxK3kuuXkSVus6ElGupl4N-UVUBhYk4QAouWSOwHKho6sfCfMUNOqZfQThB23cruqQAiRonj6YG-xUqR6hhRfw0nBY7gIlKMk4CetsyTtP-pehBP5pOTyXSydT9gY0UOszIDr2KzYeiYJ5P8yvXM76XQkPWUgDhgCBXwDXw8_lOzKZXG7FY-Riwqgy7XPf_mEIqSBQNcZMQQROdSvAqwXEoxtt4w==&p=13&fvj=1&vjs=3
Full Stack Developer / Software / Web / IT (m/w/d),Campusjäger GmbH,Berlin,Vor mehr als 30 Tagen,2021-01-17,Campusjäger GmbH,"Du bist sowohl Entwickler-Ass als auch Berater und möchtest schnell mehr dazu lernen?
Klassische Karrierewege findest Du ausgelutscht und möchtest direkt auf…",https://de.indeed.com//pagead/clk?mo=r&ad=-6NYlbfkN0CgYCB7fZPHXlObFc86CfBGJRgAH99GtvejjEFhbUgEpNlH7WWX-d-BaNEheoH7WbNaIffURUsYllFOsQDB11UtEKWadmosa6qf6c3VZAj4lYcc5s9-R33zH9kmQTgnTUst2NUFPTOUJTAKnqWZ0PssJJ7sh4S09aQkCHK5u38E3Vcaa9MrRF2wRshU954tgDuO_RJEEMCck_Mex2aueybThCNhPdi6UFdv5tdvawz3UbeuZRT--Rvg9RQtNT28K8u4mbqIO5nmpVCXzYM8y_asVjvExVnJmv7JNBbJrp9eZA8K9Kb4INo3QptISUi5CGqqURn0eCQreLFhZ6gQ0qLrR3f0na6TLSVe12SrTwgaFfxRZtuIw7S0A-V6tymX_JwMVetfpKyyytiD55Gi0M-X8soKvQWD5YHv9gUDSJ4uyEQY30KnupnsBcivAt4eHkgM4DtrNoGRE_rjGB1L0qM-aMDGP3g2OCI=&p=14&fvj=0&vjs=3
Senior Product Manager - SaaS/B2B (f/m/d),shyftplan.com,Berlin,Vor mehr als 30 Tagen,2021-01-17,shyftplan.com,"Coordinate a cross-functional team of developers, engineers and designers.
Our software and expertise enables companies to transform their processes and…",https://de.indeed.com//pagead/clk?mo=r&ad=-6NYlbfkN0D938HVd4Z2q33ybW1lsb1UZ7-egTmNOwzLyTui0Uhh6sn_IC_vfIJCw6CntRotB12CK2yZlcrSMCK5lrrlUFkETUOa_TMshQ66OG0n9AXXpvAcZFtkoS2dW3UXz2-SZ82paMDxgAmr8x12yu84oSgyfojjKTohqwSqxvMfdkwgjHCPyhFoe0r_P01ye4SMndn7S1YMAcFzxEDgCN7Me5-3O_y6PwL62KZGEp-wIok2iB-Veh-2Wdr7sat_7-M18BvYiB6O4JPwICxORoZUzf3YJg3ERwTFkGbx8f1OHJCsmcwayvDlH2_81Lbigz-ecPT_Qg23ZvpX8_Ko0hOSggSXYWMc1wVfeyQDcKamlFYDSS1mYnYwbd6i6WFY6zpkkQ3MoYFO2A6NegzpXDfqnSrkwXqlbiLBCNEqTgnxo_6SmsmCf02BO43p7cEaf7kuSWuCpPwB9D0Sus4dNJpr51iK3R34WpGay35HK7Iixsre5-4jjX8jggX9G5-BGXt7_ZhnudqlOCPBvw==&p=15&fvj=0&vjs=3
Senior Fullstack JS Developer (m/w/d),Digital H GmbH,Berlin,Vor mehr als 30 Tagen,2021-01-17,Digital H GmbH,"Wir entwickeln und konzipieren innovative Softwarelösungen für angestaubte Branchen.
Dabei bieten wir white label Softwareprodukte sowie individuell entwickelte…",https://de.indeed.com//pagead/clk?mo=r&ad=-6NYlbfkN0AboRC9ReYZ0CvJQMfGDiyC-nXLImyv3P5t1d_5AUesBumIgTMxxlHIrcrCS5_tt4vKeRNvduYonMc-ufxfIl4a66CqlwtKc04gCNyKk8hMGHWKP6vhu74b2Zdr6WonS9w32RyQPN5DEgaNem_jzyAnuzQSy34etrmk7GlP1GsDCW5goW2d4mORW3K0dOFuAYFD-ABZH28rqagFl7b0GlZNo1rzvnvj9gpYpj_Ixh9LtPTp_xQ2B05sQuii_Me_eym3cc-NZdVapLmgR-emdxZoBuM4YRqeMDvfwTRIL8CJKW9Qophg3vvDPDQrPphZkPYot_ZBATkd3jSpxpDNct9OOE2anc2FflGJZv2Uuu1QEyoJgQBf27RlzEvvoxk0p4AP33Wu2iWU9ozf5B42_RghwjrwqOXQkCPqAao3NaIsGx4gaDBG3BAdAoAsdwIB6SvD7F3CDeKsZPLd185nN4RkHikzxD4iLfuux_dt8y9LHA==&p=16&fvj=1&vjs=3
Senior / Expert Backend Developer (f/m/d) for SAP's new Hyperautomation Solution,SAP,Berlin,vor 18 Tagen,2021-01-17,SAP,"We are looking for great software developers that can dive deep and solve complex problems to:
Mentor junior engineers and help them improve their technical…",https://de.indeed.com//rc/clk?jk=f74982cf6e491d90&fccid=156c7820d1988640&vjs=3
Senior Frontend Engineer (m/f/d) - Cawemo Team - Germany,Camunda,Berlin,Vor mehr als 30 Tagen,2021-01-17,Camunda,"Mentor other developers and participate in hiring practices.
Camunda is an open source software company innovating process automation with a developer-friendly…",https://de.indeed.com//rc/clk?jk=e8c14cf1413f2af6&fccid=075359a8befff7c4&vjs=3
(Senior) DevOps Engineer (m/f/d),allmyhomes GmbH,Berlin-Kreuzberg,Vor mehr als 30 Tagen,2021-01-17,allmyhomes GmbH,"Support professional development of junior colleagues.
Several years of professional experience as a frontend developer, ideally in the online environment.",https://de.indeed.com//rc/clk?jk=b3a2f73da3e1e266&fccid=d4b94cb04fd77415&vjs=3
Senior Salesforce-Consultant im Bereich Herstellung/Produktion,KA Resources,Berlin,Vor mehr als 30 Tagen,2021-01-17,KA Resources,Für ein weltweit operierendes und expandierendes Unternehmen mit über 40 Jahren Erfahrung und über 40.000 Mitarbeitern mit 8 Standorten in Deutschland suche ich…,https://de.indeed.com//rc/clk?jk=6ae21b30575daa86&fccid=7d9327a465626127&vjs=3
